segment_id,candidate_id,text,document_id,author_id,semester_id,seminar_id,essay_id,segment_order,component,scope_target,category,level,band,band_code,candidate_count,requires_review,annotation_ids,target_situationserfassung,target_analyse,target_konsequenzen,known_situationserfassung,known_analyse,known_konsequenzen,scope_unresolved,scope_candidate_target,scope_target_known,text_length,minimum_text_characters,text_missing_or_blank,text_punctuation_only,text_too_short,text_quality_excluded,text_quality_exclusion_reason,_document_token,split_group_id,split
segment-00c512ec803b3213dcbf,segment-00c512ec803b3213dcbf-candidate-1,Sie wissen welche Elemente ein vollständiges Experiment beinhaltet.,242,57,5,2,4,42,in_scope,,,,,,2,True,annotation-00028359|annotation-00028360,,,,False,False,False,True,1,False,67,10,False,False,False,False,,242,d1fbfe5e3fb609be,train
segment-00c512ec803b3213dcbf,segment-00c512ec803b3213dcbf-candidate-2,Sie wissen welche Elemente ein vollständiges Experiment beinhaltet.,242,57,5,2,4,42,out_of_scope,,,,,,2,True,annotation-00028358,,,,False,False,False,True,0,False,67,10,False,False,False,False,,242,d1fbfe5e3fb609be,train
segment-046990caab3682adb86c,segment-046990caab3682adb86c-candidate-1,Zudem wurden in der Skizze des Körpers bereits eine Lunge als Hilfestellung gegeben.,52,53,5,1,1,73,in_scope,,,,,,2,True,annotation-00006757|annotation-00006758,,,,False,False,False,True,1,False,84,10,False,False,False,False,,52,b982c8bc67a604be,train
segment-046990caab3682adb86c,segment-046990caab3682adb86c-candidate-2,Zudem wurden in der Skizze des Körpers bereits eine Lunge als Hilfestellung gegeben.,52,53,5,1,1,73,out_of_scope,,,,,,2,True,annotation-00006756,,,,False,False,False,True,0,False,84,10,False,False,False,False,,52,b982c8bc67a604be,train
segment-0c12c4df15b2a69af98c,segment-0c12c4df15b2a69af98c-candidate-1,"Aus den Feedbacks der Studierenden ging außerdem hervor, dass der Großteil das Eingliedern des Basiskonzepts Struktur und Funktion in unserem Workshop erkannt hat.",62,30,1,1,2,32,in_scope,,,,,,2,True,annotation-00007815,,,,False,False,False,True,1,False,163,10,False,False,False,False,,62,94dd5be7b479f16e,train
segment-0c12c4df15b2a69af98c,segment-0c12c4df15b2a69af98c-candidate-2,"Aus den Feedbacks der Studierenden ging außerdem hervor, dass der Großteil das Eingliedern des Basiskonzepts Struktur und Funktion in unserem Workshop erkannt hat.",62,30,1,1,2,32,out_of_scope,,,,,,2,True,annotation-00007814,,,,False,False,False,True,0,False,163,10,False,False,False,False,,62,94dd5be7b479f16e,train
segment-0fe1bb315465c984acb6,segment-0fe1bb315465c984acb6-candidate-1,"Einige Studierende merkten an (Feedbackbogen), dass sie ihr Modell lieber „normal“ vorgestellt hätten und unklar gewesen wäre, wer welche Rolle einnehmen sollte.",69,17,1,2,2,28,in_scope,,,,,,2,True,annotation-00011491|annotation-00011492,,,,False,False,False,True,1,False,161,10,False,False,False,False,,69,423489dd4b4c0912,train
segment-0fe1bb315465c984acb6,segment-0fe1bb315465c984acb6-candidate-2,"Einige Studierende merkten an (Feedbackbogen), dass sie ihr Modell lieber „normal“ vorgestellt hätten und unklar gewesen wäre, wer welche Rolle einnehmen sollte.",69,17,1,2,2,28,out_of_scope,,,,,,2,True,annotation-00011490,,,,False,False,False,True,0,False,161,10,False,False,False,False,,69,423489dd4b4c0912,train
segment-10c10d7cb70f0a4f2f95,segment-10c10d7cb70f0a4f2f95-candidate-1,"Reflektiert werden die Bereiche der kognitiven Aktivierung, Fachwissen, fachdidaktisches Wissen, Erkenntnisgewinnung, Kommunikation und Bewertung. Diese werden zudem noch in weitere Unterkategorien unterteilt.",49,28,5,1,1,8,in_scope,,,,,,2,True,annotation-00006495|annotation-00006496,,,,False,False,False,True,1,False,209,10,False,False,False,False,,49,66113b8d0b6fb170,test
segment-10c10d7cb70f0a4f2f95,segment-10c10d7cb70f0a4f2f95-candidate-2,"Reflektiert werden die Bereiche der kognitiven Aktivierung, Fachwissen, fachdidaktisches Wissen, Erkenntnisgewinnung, Kommunikation und Bewertung. Diese werden zudem noch in weitere Unterkategorien unterteilt.",49,28,5,1,1,8,out_of_scope,,,,,,2,True,annotation-00006494,,,,False,False,False,True,0,False,209,10,False,False,False,False,,49,66113b8d0b6fb170,test
segment-151cf8dbdaef65aea33b,segment-151cf8dbdaef65aea33b-candidate-1,"Dabei  wurde  darauf geachtet, dass mehrere Organisationsebenen berücksichtigt werden, was uns laut  dem  Feedback  der  Studierenden  gut  gelungen  ist.",76,19,2,1,2,6,in_scope,,situationserfassung,stufe ii,A,1,2,True,annotation-00013921|annotation-00013922|annotation-00013923,,,,False,False,False,True,1,False,154,10,False,False,False,False,,76,9e20979881ef037a,train
segment-151cf8dbdaef65aea33b,segment-151cf8dbdaef65aea33b-candidate-2,"Dabei  wurde  darauf geachtet, dass mehrere Organisationsebenen berücksichtigt werden, was uns laut  dem  Feedback  der  Studierenden  gut  gelungen  ist.",76,19,2,1,2,6,out_of_scope,,,,,,2,True,annotation-00013920,,,,False,False,False,True,0,False,154,10,False,False,False,False,,76,9e20979881ef037a,train
segment-160199981fb787342637,segment-160199981fb787342637-candidate-1,"In unserem Feedback stellte sich heraus, dass ein Teil der teilnehmenden sich etwas mehr Struktur – vor allem im Moodle-Kurs gewünscht hätten.",67,31,1,2,2,46,in_scope,,situationserfassung,stufe iii,B,2,2,True,annotation-00010922|annotation-00010923|annotation-00010924,,,,False,False,False,True,1,False,142,10,False,False,False,False,,67,7e71b943757ae924,train
segment-160199981fb787342637,segment-160199981fb787342637-candidate-2,"In unserem Feedback stellte sich heraus, dass ein Teil der teilnehmenden sich etwas mehr Struktur – vor allem im Moodle-Kurs gewünscht hätten.",67,31,1,2,2,46,out_of_scope,,,,,,2,True,annotation-00010921,,,,False,False,False,True,0,False,142,10,False,False,False,False,,67,7e71b943757ae924,train
segment-17d67870e1c40fed38b8,segment-17d67870e1c40fed38b8-candidate-1,"Auch wurde bemerkt, dass in einigen (nicht näher spezifizierten) Aufgaben teils kein oder nur wenig Vorwissen aktiviert wurde.",75,13,2,1,2,20,in_scope,,situationserfassung,stufe ii,A,1,2,True,annotation-00014085|annotation-00014086|annotation-00014087,,,,False,False,False,True,1,False,126,10,False,False,False,False,,75,7f0b8ea6fccf5e85,train
segment-17d67870e1c40fed38b8,segment-17d67870e1c40fed38b8-candidate-2,"Auch wurde bemerkt, dass in einigen (nicht näher spezifizierten) Aufgaben teils kein oder nur wenig Vorwissen aktiviert wurde.",75,13,2,1,2,20,out_of_scope,,,,,,2,True,annotation-00014084,,,,False,False,False,True,0,False,126,10,False,False,False,False,,75,7f0b8ea6fccf5e85,train
segment-18f7fde6d9dcd5bc69e0,segment-18f7fde6d9dcd5bc69e0-candidate-1,"In der Rückmeldung der Studierenden zeigt sich

hier das die Aktivierung des Vorwissens für die meisten gut gelungen ist, die Aufgaben waren für den Großteil der Studierenden und deren Kenntnisstand genau richtig.",78,22,2,1,2,10,in_scope,,analyse,stufe ii,A,1,2,True,annotation-00014258|annotation-00014259|annotation-00014260,,,,False,False,False,True,1,False,213,10,False,False,False,False,,78,30cea7f609d6b74d,train
segment-18f7fde6d9dcd5bc69e0,segment-18f7fde6d9dcd5bc69e0-candidate-2,"In der Rückmeldung der Studierenden zeigt sich

hier das die Aktivierung des Vorwissens für die meisten gut gelungen ist, die Aufgaben waren für den Großteil der Studierenden und deren Kenntnisstand genau richtig.",78,22,2,1,2,10,out_of_scope,,,,,,2,True,annotation-00014257,,,,False,False,False,True,0,False,213,10,False,False,False,False,,78,30cea7f609d6b74d,train
segment-1a06f6cfcfb88b970c5d,segment-1a06f6cfcfb88b970c5d-candidate-1,"Außerdem waren die Lernervoraussetzung unbekannt, sodass eine passgenaue Aufgabenstellung nicht möglich war.",178,32,5,2,3,36,in_scope,,,,,,2,True,annotation-00021191|annotation-00021192,,,,False,False,False,True,1,False,108,10,False,False,False,False,,178,95fcf727e1fee6d6,train
segment-1a06f6cfcfb88b970c5d,segment-1a06f6cfcfb88b970c5d-candidate-2,"Außerdem waren die Lernervoraussetzung unbekannt, sodass eine passgenaue Aufgabenstellung nicht möglich war.",178,32,5,2,3,36,out_of_scope,,,,,,2,True,annotation-00021190,,,,False,False,False,True,0,False,108,10,False,False,False,False,,178,95fcf727e1fee6d6,train
segment-24da2260c4e733b60e01,segment-24da2260c4e733b60e01-candidate-1,"Dies wird auch darin deutlich, da alle Schülerinnen und Schüler motiviert am Unterricht teilnehmen.",241,51,5,2,4,5,in_scope,,analyse,stufe iii,B,2,2,True,annotation-00028082|annotation-00028083|annotation-00028084,,,,False,False,False,True,1,False,99,10,False,False,False,False,,241,0e3a4017f81e8c8c,train
segment-24da2260c4e733b60e01,segment-24da2260c4e733b60e01-candidate-2,"Dies wird auch darin deutlich, da alle Schülerinnen und Schüler motiviert am Unterricht teilnehmen.",241,51,5,2,4,5,out_of_scope,,,,,,2,True,annotation-00028081,,,,False,False,False,True,0,False,99,10,False,False,False,False,,241,0e3a4017f81e8c8c,train
segment-2d6d2c8bf5fdb9e9bdd8,segment-2d6d2c8bf5fdb9e9bdd8-candidate-1,"Diese Punkte sollen 
Bestandteile ihres Protokolls sein.",230,24,5,1,4,21,in_scope,,,,,,2,True,annotation-00027626|annotation-00027627,,,,False,False,False,True,1,False,56,10,False,False,False,False,,230,e303475eaa710a89,train
segment-2d6d2c8bf5fdb9e9bdd8,segment-2d6d2c8bf5fdb9e9bdd8-candidate-2,"Diese Punkte sollen 
Bestandteile ihres Protokolls sein.",230,24,5,1,4,21,out_of_scope,,,,,,2,True,annotation-00027625,,,,False,False,False,True,0,False,56,10,False,False,False,False,,230,e303475eaa710a89,train
segment-2d9469614188572bdf96,segment-2d9469614188572bdf96-candidate-1,"Auch haben 2 Studierende angegeben, dass eher keine Basiskonzepte berücksichtigt wurden. ",62,30,1,1,2,35,in_scope,,,,,,2,True,annotation-00007819,,,,False,False,False,True,1,False,88,10,False,False,False,False,,62,94dd5be7b479f16e,train
segment-2d9469614188572bdf96,segment-2d9469614188572bdf96-candidate-2,"Auch haben 2 Studierende angegeben, dass eher keine Basiskonzepte berücksichtigt wurden. ",62,30,1,1,2,35,out_of_scope,,,,,,2,True,annotation-00007818,,,,False,False,False,True,0,False,88,10,False,False,False,False,,62,94dd5be7b479f16e,train
segment-37156cfe1c8140765336,segment-37156cfe1c8140765336-candidate-1,"Die  Zeit  wurde  im  Präsenztag  aus meiner  Sicht sowie laut  den Feedbacks  effektiv genutzt, allerdings  war die Zeit  zum Mikroskopieren    zu    gering,    was    ebenso    sehr    stark    von    den    Studierenden zurückgemeldet     wurde.",76,19,2,1,2,37,in_scope,,situationserfassung,stufe iii,B,2,2,True,annotation-00014013|annotation-00014014|annotation-00014015,,,,False,False,False,True,1,False,248,10,False,False,False,False,,76,9e20979881ef037a,train
segment-37156cfe1c8140765336,segment-37156cfe1c8140765336-candidate-2,"Die  Zeit  wurde  im  Präsenztag  aus meiner  Sicht sowie laut  den Feedbacks  effektiv genutzt, allerdings  war die Zeit  zum Mikroskopieren    zu    gering,    was    ebenso    sehr    stark    von    den    Studierenden zurückgemeldet     wurde.",76,19,2,1,2,37,out_of_scope,,,,,,2,True,annotation-00014012,,,,False,False,False,True,0,False,248,10,False,False,False,False,,76,9e20979881ef037a,train
segment-374fb2653c940fd1cd07,segment-374fb2653c940fd1cd07-candidate-1,Das   Gelingen unserer Zielsetzung wurde von der Mehrheit der Studierenden als positiv gewertet.,74,55,2,1,2,99,in_scope,,situationserfassung,stufe iii,B,2,2,True,annotation-00014540|annotation-00014541|annotation-00014542,,,,False,False,False,True,1,False,96,10,False,False,False,False,,74,45eb80c6912d4c20,dev
segment-374fb2653c940fd1cd07,segment-374fb2653c940fd1cd07-candidate-2,Das   Gelingen unserer Zielsetzung wurde von der Mehrheit der Studierenden als positiv gewertet.,74,55,2,1,2,99,out_of_scope,,,,,,2,True,annotation-00014539,,,,False,False,False,True,0,False,96,10,False,False,False,False,,74,45eb80c6912d4c20,dev
segment-3aa50154a37a3950a931,segment-3aa50154a37a3950a931-candidate-1,"In ihrem Feedback gaben die Lernenden an, dass ihr Vorwissen im Verlauf der Stunde aktiviert wurde und sie dadurch gut an bereits Bekanntem anknüpfen konnten.",102,4,4,2,2,9,in_scope,,,,,,2,True,annotation-00011578|annotation-00011579,,,,False,False,False,True,1,False,158,10,False,False,False,False,,102,734cce279690eadc,test
segment-3aa50154a37a3950a931,segment-3aa50154a37a3950a931-candidate-2,"In ihrem Feedback gaben die Lernenden an, dass ihr Vorwissen im Verlauf der Stunde aktiviert wurde und sie dadurch gut an bereits Bekanntem anknüpfen konnten.",102,4,4,2,2,9,out_of_scope,,,,,,2,True,annotation-00011577,,,,False,False,False,True,0,False,158,10,False,False,False,False,,102,734cce279690eadc,test
segment-3d480b0d1a6d19d3feff,segment-3d480b0d1a6d19d3feff-candidate-1,"Zusammenfassend lässt sich festhalten, dass von der Studierendenseite hauptsächlich positives Feedback für den Workshop zu entnehmen war.",125,11,1,1,3,66,in_scope,,situationserfassung,stufe iii,B,2,2,True,annotation-00017330|annotation-00017331|annotation-00017332,,,,False,False,False,True,1,False,137,10,False,False,False,False,,125,2a3a39cc29ceed74,dev
segment-3d480b0d1a6d19d3feff,segment-3d480b0d1a6d19d3feff-candidate-2,"Zusammenfassend lässt sich festhalten, dass von der Studierendenseite hauptsächlich positives Feedback für den Workshop zu entnehmen war.",125,11,1,1,3,66,out_of_scope,,,,,,2,True,annotation-00017329,,,,False,False,False,True,0,False,137,10,False,False,False,False,,125,2a3a39cc29ceed74,dev
segment-5e36d3e2986fcee72b87,segment-5e36d3e2986fcee72b87-candidate-1,"Die Studierenden gaben im Feedback sowohl an, dass der Input zu kurz gehalten wurde, als auch, dass er zu lang und ausführlich gewesen sei.",102,4,4,2,2,21,in_scope,,,,,,2,True,annotation-00011613|annotation-00011614,,,,False,False,False,True,1,False,139,10,False,False,False,False,,102,734cce279690eadc,test
segment-5e36d3e2986fcee72b87,segment-5e36d3e2986fcee72b87-candidate-2,"Die Studierenden gaben im Feedback sowohl an, dass der Input zu kurz gehalten wurde, als auch, dass er zu lang und ausführlich gewesen sei.",102,4,4,2,2,21,out_of_scope,,,,,,2,True,annotation-00011612,,,,False,False,False,True,0,False,139,10,False,False,False,False,,102,734cce279690eadc,test
segment-5ef600153464ade0f468,segment-5ef600153464ade0f468-candidate-1,"Grundsätzlich wurde die Zusammenarbeit in der Gruppe als positiv empfunden, auch wenn die Arbeit in der Gruppe immer einen gewissen Koordinationsaufwand mit sich bringt, was auch hier der Fall war.",138,21,2,1,3,12,in_scope,,situationserfassung,stufe iii,B,2,2,True,annotation-00020304|annotation-00020305|annotation-00020306,,,,False,False,False,True,1,False,197,10,False,False,False,False,,138,8153a465245aa4f5,train
segment-5ef600153464ade0f468,segment-5ef600153464ade0f468-candidate-2,"Grundsätzlich wurde die Zusammenarbeit in der Gruppe als positiv empfunden, auch wenn die Arbeit in der Gruppe immer einen gewissen Koordinationsaufwand mit sich bringt, was auch hier der Fall war.",138,21,2,1,3,12,out_of_scope,,,,,,2,True,annotation-00020303,,,,False,False,False,True,0,False,197,10,False,False,False,False,,138,8153a465245aa4f5,train
segment-6010340d04c62707ed31,segment-6010340d04c62707ed31-candidate-1,"Dies sollte daher in den vorangegangenen Stunden thematisiert werden, auf welche wir jedoch keinen Einfluss hatten.",178,32,5,2,3,8,in_scope,,,,,,2,True,annotation-00021111|annotation-00021112,,,,False,False,False,True,1,False,115,10,False,False,False,False,,178,95fcf727e1fee6d6,train
segment-6010340d04c62707ed31,segment-6010340d04c62707ed31-candidate-2,"Dies sollte daher in den vorangegangenen Stunden thematisiert werden, auf welche wir jedoch keinen Einfluss hatten.",178,32,5,2,3,8,out_of_scope,,,,,,2,True,annotation-00021110,,,,False,False,False,True,0,False,115,10,False,False,False,False,,178,95fcf727e1fee6d6,train
segment-613b7e900d50ea9c646a,segment-613b7e900d50ea9c646a-candidate-1,"Lediglich eine Person meldete uns zurück, dass sie bzw. er den Einsatz eines realen Objektes (Querschnitt eines Apfels) nicht nachvollziehen konnte und sie bzw. er ein Foto eines Apfelquerschnittes im Dokument besser gefunden hätte",141,48,2,1,3,9,in_scope,,situationserfassung,stufe ii,A,1,2,True,annotation-00019930|annotation-00019931|annotation-00019932,,,,False,False,False,True,1,False,231,10,False,False,False,False,,141,7a9ebf1c2cef1eaa,train
segment-613b7e900d50ea9c646a,segment-613b7e900d50ea9c646a-candidate-2,"Lediglich eine Person meldete uns zurück, dass sie bzw. er den Einsatz eines realen Objektes (Querschnitt eines Apfels) nicht nachvollziehen konnte und sie bzw. er ein Foto eines Apfelquerschnittes im Dokument besser gefunden hätte",141,48,2,1,3,9,out_of_scope,,,,,,2,True,annotation-00019929,,,,False,False,False,True,0,False,231,10,False,False,False,False,,141,7a9ebf1c2cef1eaa,train
segment-662e15c0b82168b21e0e,segment-662e15c0b82168b21e0e-candidate-1,"Die Studierenden bemängelten zudem, dass die Information zum Start der Lehre in Präsenz zu kurzfristig war.",78,22,2,1,2,5,in_scope,,situationserfassung,stufe iii,B,2,2,True,annotation-00014242|annotation-00014243|annotation-00014244,,,,False,False,False,True,1,False,107,10,False,False,False,False,,78,30cea7f609d6b74d,train
segment-662e15c0b82168b21e0e,segment-662e15c0b82168b21e0e-candidate-2,"Die Studierenden bemängelten zudem, dass die Information zum Start der Lehre in Präsenz zu kurzfristig war.",78,22,2,1,2,5,out_of_scope,,,,,,2,True,annotation-00014241,,,,False,False,False,True,0,False,107,10,False,False,False,False,,78,30cea7f609d6b74d,train
segment-69f8b2098215175d2e24,segment-69f8b2098215175d2e24-candidate-1,Auch gibt es in der Realschule 10. Klasse nur noch zwei Niveaustufen (M und E).,178,32,5,2,3,35,in_scope,,,,,,2,True,annotation-00021188|annotation-00021189,,,,False,False,False,True,1,False,79,10,False,False,False,False,,178,95fcf727e1fee6d6,train
segment-69f8b2098215175d2e24,segment-69f8b2098215175d2e24-candidate-2,Auch gibt es in der Realschule 10. Klasse nur noch zwei Niveaustufen (M und E).,178,32,5,2,3,35,out_of_scope,,,,,,2,True,annotation-00021187,,,,False,False,False,True,0,False,79,10,False,False,False,False,,178,95fcf727e1fee6d6,train
segment-703009215a633a736b63,segment-703009215a633a736b63-candidate-1,"Da wir leider nur wenige Infos zur Klasse vor der Durchführung des Unterrichts hatten, wussten wir nicht viel über die Lernervoraussetzungen und die Differenzierung im vorangegangenen Unterricht",183,57,5,2,3,1,in_scope,,,,,,2,True,annotation-00020980|annotation-00020981,,,,False,False,False,True,1,False,194,10,False,False,False,False,,183,d1fbfe5e3fb609be,train
segment-703009215a633a736b63,segment-703009215a633a736b63-candidate-2,"Da wir leider nur wenige Infos zur Klasse vor der Durchführung des Unterrichts hatten, wussten wir nicht viel über die Lernervoraussetzungen und die Differenzierung im vorangegangenen Unterricht",183,57,5,2,3,1,out_of_scope,,,,,,2,True,annotation-00020979,,,,False,False,False,True,0,False,194,10,False,False,False,False,,183,d1fbfe5e3fb609be,train
segment-76485271142fdf1bde02,segment-76485271142fdf1bde02-candidate-1,"Viele der Studierenden empfanden allerdings bereits diese Gruppengröße als zu groß und schrieben uns vermehrt Nachrichten, in denen sie uns mitteilten, dass die Gruppe keinen Termin fände.",82,63,2,1,2,43,in_scope,,situationserfassung,stufe ii,A,1,2,True,annotation-00013595|annotation-00013596|annotation-00013597,,,,False,False,False,True,1,False,188,10,False,False,False,False,,82,e8af31232c32b0f4,train
segment-76485271142fdf1bde02,segment-76485271142fdf1bde02-candidate-2,"Viele der Studierenden empfanden allerdings bereits diese Gruppengröße als zu groß und schrieben uns vermehrt Nachrichten, in denen sie uns mitteilten, dass die Gruppe keinen Termin fände.",82,63,2,1,2,43,out_of_scope,,,,,,2,True,annotation-00013594,,,,False,False,False,True,0,False,188,10,False,False,False,False,,82,e8af31232c32b0f4,train
segment-7cb74b22799079e21d6f,segment-7cb74b22799079e21d6f-candidate-1,Auch in dem Feedback der Studierenden wurden die Bestimmungsschlüssel kritisiert.,107,6,5,1,2,14,in_scope,,,,,,2,True,annotation-00015385|annotation-00015386,,,,False,False,False,True,1,False,81,10,False,False,False,False,,107,97ee8f2854716d8e,train
segment-7cb74b22799079e21d6f,segment-7cb74b22799079e21d6f-candidate-2,Auch in dem Feedback der Studierenden wurden die Bestimmungsschlüssel kritisiert.,107,6,5,1,2,14,out_of_scope,,,,,,2,True,annotation-00015384,,,,False,False,False,True,0,False,81,10,False,False,False,False,,107,97ee8f2854716d8e,train
segment-83008da2efe2f19e6732,segment-83008da2efe2f19e6732-candidate-1,"Daher wird unter Einbezug der fachwissenschaftlichen und der fachdidaktischen Aspekte, welche sich an den Bildungsplan 2016 Baden-Württemberg anlehnen, der Workshop reflektiert.",114,53,5,1,2,5,in_scope,,,,,,2,True,annotation-00015510|annotation-00015511,,,,False,False,False,True,1,False,177,10,False,False,False,False,,114,b982c8bc67a604be,train
segment-83008da2efe2f19e6732,segment-83008da2efe2f19e6732-candidate-2,"Daher wird unter Einbezug der fachwissenschaftlichen und der fachdidaktischen Aspekte, welche sich an den Bildungsplan 2016 Baden-Württemberg anlehnen, der Workshop reflektiert.",114,53,5,1,2,5,out_of_scope,,,,,,2,True,annotation-00015509,,,,False,False,False,True,0,False,177,10,False,False,False,False,,114,b982c8bc67a604be,train
segment-896143e3f1e1f169add4,segment-896143e3f1e1f169add4-candidate-1,Andere Teilnehmende empfanden die Erstellung der Videos als sehr zeitaufwendig oder konnten schlussendlich in Bezug auf die kommunizierten Beurteilungskriterien vergleichsweise keine so guten Ergebnisse erreichen.,77,21,2,1,2,11,in_scope,,,,,,2,True,annotation-00013359|annotation-00013360,,,,False,False,False,True,1,False,213,10,False,False,False,False,,77,8153a465245aa4f5,train
segment-896143e3f1e1f169add4,segment-896143e3f1e1f169add4-candidate-2,Andere Teilnehmende empfanden die Erstellung der Videos als sehr zeitaufwendig oder konnten schlussendlich in Bezug auf die kommunizierten Beurteilungskriterien vergleichsweise keine so guten Ergebnisse erreichen.,77,21,2,1,2,11,out_of_scope,,,,,,2,True,annotation-00013358,,,,False,False,False,True,0,False,213,10,False,False,False,False,,77,8153a465245aa4f5,train
segment-8b9d0ca4b5da56a36833,segment-8b9d0ca4b5da56a36833-candidate-1,Auch die Rückmeldungen der Studierenden stimmen mit der Wahrnehmung der Lehrperson überein.,109,24,5,1,2,42,in_scope,,,,,,2,True,annotation-00014888|annotation-00015134,,,,False,False,False,True,1,False,91,10,False,False,False,False,,109,e303475eaa710a89,train
segment-8b9d0ca4b5da56a36833,segment-8b9d0ca4b5da56a36833-candidate-2,Auch die Rückmeldungen der Studierenden stimmen mit der Wahrnehmung der Lehrperson überein.,109,24,5,1,2,42,out_of_scope,,,,,,2,True,annotation-00014886|annotation-00015132,,,,False,False,False,True,0,False,91,10,False,False,False,False,,109,e303475eaa710a89,train
segment-8e469856e4bb1082741a,segment-8e469856e4bb1082741a-candidate-1,Einige haben die Wiederholung bereits behandelter Inhalte als zu detailliert empfunden.,70,36,1,2,2,4,in_scope,,situationserfassung,stufe iii,B,2,2,True,annotation-00010968|annotation-00010969|annotation-00010970,,,,False,False,False,True,1,False,87,10,False,False,False,False,,70,e4c374f7bc2ac4d3,train
segment-8e469856e4bb1082741a,segment-8e469856e4bb1082741a-candidate-2,Einige haben die Wiederholung bereits behandelter Inhalte als zu detailliert empfunden.,70,36,1,2,2,4,out_of_scope,,,,,,2,True,annotation-00010967,,,,False,False,False,True,0,False,87,10,False,False,False,False,,70,e4c374f7bc2ac4d3,train
segment-8e8ceec853d9f8bddbfd,segment-8e8ceec853d9f8bddbfd-candidate-1,"Durch ein besseres Wissen über die Lerngruppe hätten wir die Aufgaben besser an die Voraussetzungen dieser anpassen können, indem wir zum Beispiel auf das Lerntempo geachtet hätten oder auch die Gruppen zur besseren Unterstützung in Arbeitsgruppen nach Leistungsniveau eingeteilt hätten.",183,57,5,2,3,20,in_scope,,,,,,2,True,annotation-00021027|annotation-00021028,,,,False,False,False,True,1,False,287,10,False,False,False,False,,183,d1fbfe5e3fb609be,train
segment-8e8ceec853d9f8bddbfd,segment-8e8ceec853d9f8bddbfd-candidate-2,"Durch ein besseres Wissen über die Lerngruppe hätten wir die Aufgaben besser an die Voraussetzungen dieser anpassen können, indem wir zum Beispiel auf das Lerntempo geachtet hätten oder auch die Gruppen zur besseren Unterstützung in Arbeitsgruppen nach Leistungsniveau eingeteilt hätten.",183,57,5,2,3,20,out_of_scope,,,,,,2,True,annotation-00021026,,,,False,False,False,True,0,False,287,10,False,False,False,False,,183,d1fbfe5e3fb609be,train
segment-948a27dd6fb23d1d6d36,segment-948a27dd6fb23d1d6d36-candidate-1,In der Vignette handelt es sich um einen Online-Workshop zur Gelelektrophorese.,184,2,1,1,4,1,in_scope,,,,,,2,True,annotation-00021404,,,,False,False,False,True,1,False,79,10,False,False,False,False,,184,3faf840a033c018d,train
segment-948a27dd6fb23d1d6d36,segment-948a27dd6fb23d1d6d36-candidate-2,In der Vignette handelt es sich um einen Online-Workshop zur Gelelektrophorese.,184,2,1,1,4,1,out_of_scope,,,,,,2,True,annotation-00021403,,,,False,False,False,True,0,False,79,10,False,False,False,False,,184,3faf840a033c018d,train
segment-94d0c094e539422337c3,segment-94d0c094e539422337c3-candidate-1,"Aus Gründen der Übersichtlichkeit und um eine Überforderung der Studierenden zu vermeiden, wurde im eingestellten Zeitplan auf moodle nur ein grober zeitlicher Überblick ohne genaue Gruppen- und Raumeinteilung zur Verfügung gestellt.",143,59,2,1,3,3,in_scope,,,,,,2,True,annotation-00020187|annotation-00020188,,,,False,False,False,True,1,False,233,10,False,False,False,False,,143,0546bf8cb93fe335,train
segment-94d0c094e539422337c3,segment-94d0c094e539422337c3-candidate-2,"Aus Gründen der Übersichtlichkeit und um eine Überforderung der Studierenden zu vermeiden, wurde im eingestellten Zeitplan auf moodle nur ein grober zeitlicher Überblick ohne genaue Gruppen- und Raumeinteilung zur Verfügung gestellt.",143,59,2,1,3,3,out_of_scope,,,,,,2,True,annotation-00020186,,,,False,False,False,True,0,False,233,10,False,False,False,False,,143,0546bf8cb93fe335,train
segment-969d3fe58215d9231d3a,segment-969d3fe58215d9231d3a-candidate-1,"Persönlich konnte ich an einigen Stellen des Unterrichts beobachten, welche Vorteile ein besseres Wissen über die Lerngruppe gehabt hätte.",183,57,5,2,3,18,in_scope,,,,,,2,True,annotation-00021021|annotation-00021022,,,,False,False,False,True,1,False,138,10,False,False,False,False,,183,d1fbfe5e3fb609be,train
segment-969d3fe58215d9231d3a,segment-969d3fe58215d9231d3a-candidate-2,"Persönlich konnte ich an einigen Stellen des Unterrichts beobachten, welche Vorteile ein besseres Wissen über die Lerngruppe gehabt hätte.",183,57,5,2,3,18,out_of_scope,,,,,,2,True,annotation-00021020,,,,False,False,False,True,0,False,138,10,False,False,False,False,,183,d1fbfe5e3fb609be,train
segment-996b26ff55135e99ffab,segment-996b26ff55135e99ffab-candidate-1,Der Workshop „Arthropoda“ stand unter dem Slogan „Unterschiedlich und doch gleich“ und sollte demnach die Gemeinsamkeiten und Unterschiede der verschiedenen Unterstämme der Arthropoda als Kernidee zusammenfassen.,107,6,5,1,2,1,in_scope,,,,,,2,True,annotation-00015352|annotation-00015353,,,,False,False,False,True,1,False,212,10,False,False,False,False,,107,97ee8f2854716d8e,train
segment-996b26ff55135e99ffab,segment-996b26ff55135e99ffab-candidate-2,Der Workshop „Arthropoda“ stand unter dem Slogan „Unterschiedlich und doch gleich“ und sollte demnach die Gemeinsamkeiten und Unterschiede der verschiedenen Unterstämme der Arthropoda als Kernidee zusammenfassen.,107,6,5,1,2,1,out_of_scope,,,,,,2,True,annotation-00015351,,,,False,False,False,True,0,False,212,10,False,False,False,False,,107,97ee8f2854716d8e,train
segment-a4bfe1fad1bb1d37237c,segment-a4bfe1fad1bb1d37237c-candidate-1,"Der Großteil der Studierenden meldete zurück, dass durchaus ihr Vorwissen aktiviert wurde.",65,29,1,1,2,31,in_scope,,analyse,stufe ii,A,1,2,True,annotation-00008579|annotation-00008580|annotation-00008581,,,,False,False,False,True,1,False,90,10,False,False,False,False,,65,ea00aa7e787adb0d,dev
segment-a4bfe1fad1bb1d37237c,segment-a4bfe1fad1bb1d37237c-candidate-2,"Der Großteil der Studierenden meldete zurück, dass durchaus ihr Vorwissen aktiviert wurde.",65,29,1,1,2,31,out_of_scope,,,,,,2,True,annotation-00008578,,,,False,False,False,True,0,False,90,10,False,False,False,False,,65,ea00aa7e787adb0d,dev
segment-b01b4b6edbd3e8b8e9f8,segment-b01b4b6edbd3e8b8e9f8-candidate-1,"Sowohl die Abgaben während der Workshop-Woche als auch die Rückmeldungen nach dem Workshop-Zeitraum deuten darauf hin, dass dieser Aspekt nun nochmal näher betrachtet werden sollte.",77,21,2,1,2,8,in_scope,,,,,,2,True,annotation-00013352|annotation-00013353,,,,False,False,False,True,1,False,181,10,False,False,False,False,,77,8153a465245aa4f5,train
segment-b01b4b6edbd3e8b8e9f8,segment-b01b4b6edbd3e8b8e9f8-candidate-2,"Sowohl die Abgaben während der Workshop-Woche als auch die Rückmeldungen nach dem Workshop-Zeitraum deuten darauf hin, dass dieser Aspekt nun nochmal näher betrachtet werden sollte.",77,21,2,1,2,8,out_of_scope,,,,,,2,True,annotation-00013351,,,,False,False,False,True,0,False,181,10,False,False,False,False,,77,8153a465245aa4f5,train
segment-b100a5a40d7f0467bcf3,segment-b100a5a40d7f0467bcf3-candidate-1,"Aus Perspektive der Lernenden war ein zeitlicher Ablaufplan vorhanden, wodurch eine Orientierung über die 90 Minuten gegeben war.",143,59,2,1,3,2,in_scope,,,,,,2,True,annotation-00020184|annotation-00020185,,,,False,False,False,True,1,False,129,10,False,False,False,False,,143,0546bf8cb93fe335,train
segment-b100a5a40d7f0467bcf3,segment-b100a5a40d7f0467bcf3-candidate-2,"Aus Perspektive der Lernenden war ein zeitlicher Ablaufplan vorhanden, wodurch eine Orientierung über die 90 Minuten gegeben war.",143,59,2,1,3,2,out_of_scope,,,,,,2,True,annotation-00020183,,,,False,False,False,True,0,False,129,10,False,False,False,False,,143,0546bf8cb93fe335,train
segment-b7b60ba85e84912c3b75,segment-b7b60ba85e84912c3b75-candidate-1,Daraus lässt sich die Überleitung auf den Kompetenzbereich Kommunikation einleiten.,184,2,1,1,4,38,in_scope,,,,,,2,True,annotation-00021470,,,,False,False,False,True,1,False,83,10,False,False,False,False,,184,3faf840a033c018d,train
segment-b7b60ba85e84912c3b75,segment-b7b60ba85e84912c3b75-candidate-2,Daraus lässt sich die Überleitung auf den Kompetenzbereich Kommunikation einleiten.,184,2,1,1,4,38,out_of_scope,,,,,,2,True,annotation-00021468,,,,False,False,False,True,0,False,83,10,False,False,False,False,,184,3faf840a033c018d,train
segment-bbf526795e826b865276,segment-bbf526795e826b865276-candidate-1,"Dies führte nachweislich zu Verwirrungen, wie uns auch im Feedback mitgeteilt wurde.",113,38,5,1,2,24,in_scope,,situationserfassung,stufe ii,A,1,2,True,annotation-00015220|annotation-00015221|annotation-00015222,,,,False,False,False,True,1,False,84,10,False,False,False,False,,113,35c1f080cdf0ebcb,test
segment-bbf526795e826b865276,segment-bbf526795e826b865276-candidate-2,"Dies führte nachweislich zu Verwirrungen, wie uns auch im Feedback mitgeteilt wurde.",113,38,5,1,2,24,out_of_scope,,,,,,2,True,annotation-00015219,,,,False,False,False,True,0,False,84,10,False,False,False,False,,113,35c1f080cdf0ebcb,test
segment-c95a3edb94d4869fbed8,segment-c95a3edb94d4869fbed8-candidate-1,"Auf die Frage, ob die Aufgaben dem Kenntnisstand der Studierenden entsprechend waren, ist eine breite Streuung im Feedback der Kursteilnehmer und Kursteilnehmerinnen festzustellen.",127,29,1,1,3,4,in_scope,,situationserfassung,stufe ii,A,1,2,True,annotation-00017402|annotation-00017403|annotation-00017404,,,,False,False,False,True,1,False,180,10,False,False,False,False,,127,ea00aa7e787adb0d,dev
segment-c95a3edb94d4869fbed8,segment-c95a3edb94d4869fbed8-candidate-2,"Auf die Frage, ob die Aufgaben dem Kenntnisstand der Studierenden entsprechend waren, ist eine breite Streuung im Feedback der Kursteilnehmer und Kursteilnehmerinnen festzustellen.",127,29,1,1,3,4,out_of_scope,,,,,,2,True,annotation-00017401,,,,False,False,False,True,0,False,180,10,False,False,False,False,,127,ea00aa7e787adb0d,dev
segment-cc2b1ec42bf9747ebacb,segment-cc2b1ec42bf9747ebacb-candidate-1,"84 Studierende bestätigten, dass zur Lösung der vorbereiteten Aufgaben ihr Vorwissen aktiviert wurde und 72 Studierende bewerteten die Aufgabenstellungen als anregend und herausfordernd.",62,30,1,1,2,10,in_scope,,,,,,2,True,annotation-00007774,,,,False,False,False,True,1,False,186,10,False,False,False,False,,62,94dd5be7b479f16e,train
segment-cc2b1ec42bf9747ebacb,segment-cc2b1ec42bf9747ebacb-candidate-2,"84 Studierende bestätigten, dass zur Lösung der vorbereiteten Aufgaben ihr Vorwissen aktiviert wurde und 72 Studierende bewerteten die Aufgabenstellungen als anregend und herausfordernd.",62,30,1,1,2,10,out_of_scope,,,,,,2,True,annotation-00007773,,,,False,False,False,True,0,False,186,10,False,False,False,False,,62,94dd5be7b479f16e,train
segment-cc81e79fcb38ad0853a9,segment-cc81e79fcb38ad0853a9-candidate-1,Anderes Falls hätte die Sammlung der Variablen im theoretischen Input erfolgen können.,229,6,5,1,4,7,in_scope,,,,,,2,True,annotation-00027308|annotation-00027309,,,,False,False,False,True,1,False,86,10,False,False,False,False,,229,97ee8f2854716d8e,train
segment-cc81e79fcb38ad0853a9,segment-cc81e79fcb38ad0853a9-candidate-2,Anderes Falls hätte die Sammlung der Variablen im theoretischen Input erfolgen können.,229,6,5,1,4,7,out_of_scope,,,,,,2,True,annotation-00027307,,,,False,False,False,True,0,False,86,10,False,False,False,False,,229,97ee8f2854716d8e,train
segment-d60a612235a1d03ec964,segment-d60a612235a1d03ec964-candidate-1,"Insgesamt wurde der Workshop, trotz Onlinelehre und keiner direkten Kommunikation zwischen den Studierenden und uns als Workshop-Gestalter, von den Lernenden als positiv wahrgenommen und mit einer Gesamtnote im Bereich von sehr gut bis gut bewertet.",62,30,1,1,2,58,in_scope,,situationserfassung,stufe iii,B,2,2,True,annotation-00007866,,,,False,False,False,True,1,False,249,10,False,False,False,False,,62,94dd5be7b479f16e,train
segment-d60a612235a1d03ec964,segment-d60a612235a1d03ec964-candidate-2,"Insgesamt wurde der Workshop, trotz Onlinelehre und keiner direkten Kommunikation zwischen den Studierenden und uns als Workshop-Gestalter, von den Lernenden als positiv wahrgenommen und mit einer Gesamtnote im Bereich von sehr gut bis gut bewertet.",62,30,1,1,2,58,out_of_scope,,,,,,2,True,annotation-00007865,,,,False,False,False,True,0,False,249,10,False,False,False,False,,62,94dd5be7b479f16e,train
segment-dfb22b5f7dbfe01a0495,segment-dfb22b5f7dbfe01a0495-candidate-1,"Die Studierenden selbst meldeten zurück, dass sie sich anfänglich teilweise schwertaten, sich mit ihren Rollen und deren Standpunkten zu identifizieren und sich gegenseitig in ihrer Rolle anzusprechen.",164,4,4,2,3,9,in_scope,,,,,,2,True,annotation-00018508|annotation-00018509,,,,False,False,False,True,1,False,201,10,False,False,False,False,,164,734cce279690eadc,test
segment-dfb22b5f7dbfe01a0495,segment-dfb22b5f7dbfe01a0495-candidate-2,"Die Studierenden selbst meldeten zurück, dass sie sich anfänglich teilweise schwertaten, sich mit ihren Rollen und deren Standpunkten zu identifizieren und sich gegenseitig in ihrer Rolle anzusprechen.",164,4,4,2,3,9,out_of_scope,,,,,,2,True,annotation-00018507,,,,False,False,False,True,0,False,201,10,False,False,False,False,,164,734cce279690eadc,test
segment-e89e5773dc8fef9643f5,segment-e89e5773dc8fef9643f5-candidate-1,"Einige Teilnehmerinnen und Teilnehmer empfanden die Erstellung und Konzeption der „Review- Videos“ als positiv und konnten ihr Vorwissen sowie die zur Verfügung gestellten Hinweise, Tipps und Empfehlungen in den Erstellungsprozess miteinbinden.",77,21,2,1,2,10,in_scope,,,,,,2,True,annotation-00013356|annotation-00013357,,,,False,False,False,True,1,False,244,10,False,False,False,False,,77,8153a465245aa4f5,train
segment-e89e5773dc8fef9643f5,segment-e89e5773dc8fef9643f5-candidate-2,"Einige Teilnehmerinnen und Teilnehmer empfanden die Erstellung und Konzeption der „Review- Videos“ als positiv und konnten ihr Vorwissen sowie die zur Verfügung gestellten Hinweise, Tipps und Empfehlungen in den Erstellungsprozess miteinbinden.",77,21,2,1,2,10,out_of_scope,,,,,,2,True,annotation-00013355,,,,False,False,False,True,0,False,244,10,False,False,False,False,,77,8153a465245aa4f5,train
segment-eb6313968a49a4c34d50,segment-eb6313968a49a4c34d50-candidate-1,"Zwar   wurden   am   Ende   die   gewonnenen   Erkenntnisse bezüglich der Angepasstheit im Lebensraum auf alle Lebewesen und auf ihre heterogenen  Biotope   bezogen  und  verdeutlicht,  allerdings  hat   das   laut Feedback für ein Teil der Studierenden nicht ausgereicht.",76,19,2,1,2,24,in_scope,,situationserfassung,stufe ii,A,1,2,True,annotation-00013975|annotation-00013976|annotation-00013977,,,,False,False,False,True,1,False,272,10,False,False,False,False,,76,9e20979881ef037a,train
segment-eb6313968a49a4c34d50,segment-eb6313968a49a4c34d50-candidate-2,"Zwar   wurden   am   Ende   die   gewonnenen   Erkenntnisse bezüglich der Angepasstheit im Lebensraum auf alle Lebewesen und auf ihre heterogenen  Biotope   bezogen  und  verdeutlicht,  allerdings  hat   das   laut Feedback für ein Teil der Studierenden nicht ausgereicht.",76,19,2,1,2,24,out_of_scope,,,,,,2,True,annotation-00013974,,,,False,False,False,True,0,False,272,10,False,False,False,False,,76,9e20979881ef037a,train
segment-ee9b6591f24695c48f0f,segment-ee9b6591f24695c48f0f-candidate-1,"Zusammenfassend lässt sich festhalten, dass von der Studierendenseite hauptsächlich positives Feedback für den Workshop zu entnehmen war.",63,11,1,1,2,61,in_scope,,situationserfassung,stufe iii,B,2,2,True,annotation-00008350|annotation-00008351|annotation-00008352,,,,False,False,False,True,1,False,137,10,False,False,False,False,,63,2a3a39cc29ceed74,dev
segment-ee9b6591f24695c48f0f,segment-ee9b6591f24695c48f0f-candidate-2,"Zusammenfassend lässt sich festhalten, dass von der Studierendenseite hauptsächlich positives Feedback für den Workshop zu entnehmen war.",63,11,1,1,2,61,out_of_scope,,,,,,2,True,annotation-00008349,,,,False,False,False,True,0,False,137,10,False,False,False,False,,63,2a3a39cc29ceed74,dev
segment-f8fc18605b1d46b50f77,segment-f8fc18605b1d46b50f77-candidate-1,"Sie empfanden ebenfalls die Aufgabendichte für die vorgegebene Zeit, zu umfangreich.",109,24,5,1,2,43,in_scope,,,,,,2,True,annotation-00014890|annotation-00014891|annotation-00015136|annotation-00015137,,,,False,False,False,True,1,False,84,10,False,False,False,False,,109,e303475eaa710a89,train
segment-f8fc18605b1d46b50f77,segment-f8fc18605b1d46b50f77-candidate-2,"Sie empfanden ebenfalls die Aufgabendichte für die vorgegebene Zeit, zu umfangreich.",109,24,5,1,2,43,out_of_scope,,,,,,2,True,annotation-00014889|annotation-00015135,,,,False,False,False,True,0,False,84,10,False,False,False,False,,109,e303475eaa710a89,train
