document_id,author_id,split,feedback_available,random_seed,dev_fraction,minimum_text_characters
217,50,train,False,20260929,0.2,10
46,87,train,False,20260929,0.2,10
114,21,dev,False,20260929,0.2,10
80,72,train,False,20260929,0.2,10
2,14,train,False,20260929,0.2,10
226,76,train,False,20260929,0.2,10
4,51,dev,False,20260929,0.2,10
71,74,train,False,20260929,0.2,10
3,44,test,True,20260929,0.2,10
202,79,train,False,20260929,0.2,10
92,35,dev,False,20260929,0.2,10
15,7,train,False,20260929,0.2,10
24,28,dev,False,20260929,0.2,10
30,26,train,False,20260929,0.2,10
222,67,train,False,20260929,0.2,10
42,2,test,True,20260929,0.2,10
206,28,dev,False,20260929,0.2,10
208,63,train,False,20260929,0.2,10
65,51,dev,False,20260929,0.2,10
101,78,train,False,20260929,0.2,10
148,63,train,False,20260929,0.2,10
224,2,test,True,20260929,0.2,10
239,69,train,False,20260929,0.2,10
238,64,train,False,20260929,0.2,10
191,43,train,False,20260929,0.2,10
115,23,dev,False,20260929,0.2,10
212,30,train,False,20260929,0.2,10
242,80,train,False,20260929,0.2,10
113,19,test,True,20260929,0.2,10
234,21,dev,False,20260929,0.2,10
60,80,train,False,20260929,0.2,10
198,45,train,False,20260929,0.2,10
171,8,train,False,20260929,0.2,10
28,84,train,False,20260929,0.2,10
233,19,test,True,20260929,0.2,10
141,72,train,False,20260929,0.2,10
61,1,train,False,20260929,0.2,10
79,68,dev,False,20260929,0.2,10
48,8,train,False,20260929,0.2,10
54,49,train,False,20260929,0.2,10
68,33,train,False,20260929,0.2,10
172,12,test,True,20260929,0.2,10
201,72,train,False,20260929,0.2,10
125,36,train,False,20260929,0.2,10
116,16,train,False,20260929,0.2,10
220,60,train,False,20260929,0.2,10
95,50,train,False,20260929,0.2,10
152,30,train,False,20260929,0.2,10
74,22,train,False,20260929,0.2,10
52,21,dev,False,20260929,0.2,10
86,63,train,False,20260929,0.2,10
189,73,train,False,20260929,0.2,10
145,25,train,False,20260929,0.2,10
69,43,train,False,20260929,0.2,10
93,39,train,False,20260929,0.2,10
98,60,train,False,20260929,0.2,10
96,55,test,True,20260929,0.2,10
192,52,train,False,20260929,0.2,10
107,3,train,False,20260929,0.2,10
77,47,train,False,20260929,0.2,10
32,31,train,False,20260929,0.2,10
223,78,train,False,20260929,0.2,10
83,25,train,False,20260929,0.2,10
56,65,train,False,20260929,0.2,10
91,31,train,False,20260929,0.2,10
97,58,train,False,20260929,0.2,10
38,59,train,False,20260929,0.2,10
177,49,train,False,20260929,0.2,10
122,80,train,False,20260929,0.2,10
230,8,train,False,20260929,0.2,10
41,77,train,False,20260929,0.2,10
25,46,train,False,20260929,0.2,10
240,71,train,False,20260929,0.2,10
232,17,train,False,20260929,0.2,10
241,75,train,False,20260929,0.2,10
37,57,train,False,20260929,0.2,10
43,10,train,False,20260929,0.2,10
132,74,train,False,20260929,0.2,10
215,38,train,False,20260929,0.2,10
33,34,train,False,20260929,0.2,10
63,36,train,False,20260929,0.2,10
207,46,train,False,20260929,0.2,10
6,15,train,False,20260929,0.2,10
73,4,train,False,20260929,0.2,10
75,37,train,False,20260929,0.2,10
59,75,train,False,20260929,0.2,10
219,58,train,False,20260929,0.2,10
36,54,test,True,20260929,0.2,10
149,70,dev,False,20260929,0.2,10
99,62,test,True,20260929,0.2,10
39,61,test,True,20260929,0.2,10
40,66,train,False,20260929,0.2,10
179,64,train,False,20260929,0.2,10
128,73,train,False,20260929,0.2,10
16,20,dev,False,20260929,0.2,10
100,66,train,False,20260929,0.2,10
185,13,train,False,20260929,0.2,10
156,42,train,False,20260929,0.2,10
84,28,dev,False,20260929,0.2,10
67,15,train,False,20260929,0.2,10
200,68,dev,False,20260929,0.2,10
205,25,train,False,20260929,0.2,10
105,81,dev,False,20260929,0.2,10
155,39,train,False,20260929,0.2,10
193,56,train,False,20260929,0.2,10
58,71,train,False,20260929,0.2,10
146,28,dev,False,20260929,0.2,10
31,29,dev,False,20260929,0.2,10
55,53,dev,False,20260929,0.2,10
142,79,train,False,20260929,0.2,10
20,72,train,False,20260929,0.2,10
227,81,dev,False,20260929,0.2,10
50,17,train,False,20260929,0.2,10
11,85,train,False,20260929,0.2,10
89,27,train,False,20260929,0.2,10
221,62,test,False,20260929,0.2,10
88,83,train,False,20260929,0.2,10
18,47,train,False,20260929,0.2,10
124,14,train,False,20260929,0.2,10
236,49,train,False,20260929,0.2,10
129,43,train,False,20260929,0.2,10
182,75,train,False,20260929,0.2,10
181,71,train,False,20260929,0.2,10
196,5,train,False,20260929,0.2,10
235,23,dev,False,20260929,0.2,10
225,10,train,False,20260929,0.2,10
8,43,train,False,20260929,0.2,10
237,53,dev,False,20260929,0.2,10
85,46,train,False,20260929,0.2,10
194,74,train,False,20260929,0.2,10
21,79,train,False,20260929,0.2,10
29,11,train,False,20260929,0.2,10
64,44,test,True,20260929,0.2,10
209,70,dev,False,20260929,0.2,10
51,19,test,True,20260929,0.2,10
112,17,train,False,20260929,0.2,10
82,86,train,False,20260929,0.2,10
147,46,train,False,20260929,0.2,10
121,75,train,False,20260929,0.2,10
12,4,train,False,20260929,0.2,10
213,32,train,False,20260929,0.2,10
53,23,dev,False,20260929,0.2,10
175,21,dev,False,20260929,0.2,10
123,1,train,False,20260929,0.2,10
216,42,train,False,20260929,0.2,10
214,35,dev,False,20260929,0.2,10
158,55,test,True,20260929,0.2,10
90,30,train,False,20260929,0.2,10
57,69,train,False,20260929,0.2,10
163,78,train,False,20260929,0.2,10
10,74,train,False,20260929,0.2,10
66,73,train,False,20260929,0.2,10
94,41,train,False,20260929,0.2,10
47,3,train,False,20260929,0.2,10
176,23,dev,False,20260929,0.2,10
13,5,train,False,20260929,0.2,10
117,49,train,False,20260929,0.2,10
136,40,train,False,20260929,0.2,10
211,27,train,False,20260929,0.2,10
187,36,train,False,20260929,0.2,10
188,44,test,True,20260929,0.2,10
26,63,train,False,20260929,0.2,10
160,59,train,False,20260929,0.2,10
34,38,train,False,20260929,0.2,10
154,35,dev,False,20260929,0.2,10
45,81,dev,False,20260929,0.2,10
195,4,train,False,20260929,0.2,10
120,71,train,False,20260929,0.2,10
27,70,dev,False,20260929,0.2,10
44,76,train,False,20260929,0.2,10
118,64,train,False,20260929,0.2,10
104,76,train,False,20260929,0.2,10
218,55,test,False,20260929,0.2,10
9,56,train,False,20260929,0.2,10
159,58,train,False,20260929,0.2,10
199,48,train,False,20260929,0.2,10
133,85,train,False,20260929,0.2,10
137,45,train,False,20260929,0.2,10
143,82,train,False,20260929,0.2,10
229,3,train,False,20260929,0.2,10
106,87,train,False,20260929,0.2,10
72,85,train,False,20260929,0.2,10
210,84,train,False,20260929,0.2,10
70,56,train,False,20260929,0.2,10
87,70,dev,False,20260929,0.2,10
203,82,train,False,20260929,0.2,10
204,86,train,False,20260929,0.2,10
197,40,train,False,20260929,0.2,10
231,12,test,True,20260929,0.2,10
62,14,train,False,20260929,0.2,10
126,44,test,True,20260929,0.2,10
174,19,test,True,20260929,0.2,10
76,45,train,False,20260929,0.2,10
119,69,train,False,20260929,0.2,10
1,1,train,False,20260929,0.2,10
167,81,dev,False,20260929,0.2,10
131,56,train,False,20260929,0.2,10
150,84,train,False,20260929,0.2,10
14,6,train,False,20260929,0.2,10
169,3,train,False,20260929,0.2,10
184,1,train,False,20260929,0.2,10
19,48,train,False,20260929,0.2,10
23,25,train,False,20260929,0.2,10
183,80,train,False,20260929,0.2,10
140,68,dev,False,20260929,0.2,10
103,10,train,False,20260929,0.2,10
17,24,train,False,20260929,0.2,10
78,48,train,False,20260929,0.2,10
153,31,train,False,20260929,0.2,10
102,2,test,True,20260929,0.2,10
138,47,train,False,20260929,0.2,10
7,33,train,False,20260929,0.2,10
81,82,train,False,20260929,0.2,10
186,14,train,False,20260929,0.2,10
144,86,train,False,20260929,0.2,10
173,17,train,False,20260929,0.2,10
162,67,train,False,20260929,0.2,10
157,50,train,False,20260929,0.2,10
109,8,train,False,20260929,0.2,10
190,33,train,False,20260929,0.2,10
49,12,test,True,20260929,0.2,10
151,27,train,False,20260929,0.2,10
180,69,train,False,20260929,0.2,10
165,10,train,False,20260929,0.2,10
127,51,dev,False,20260929,0.2,10
134,4,train,False,20260929,0.2,10
164,2,test,True,20260929,0.2,10
22,86,train,False,20260929,0.2,10
35,41,train,False,20260929,0.2,10
161,62,test,True,20260929,0.2,10
139,48,train,False,20260929,0.2,10
5,73,train,False,20260929,0.2,10
178,53,dev,False,20260929,0.2,10
166,76,train,False,20260929,0.2,10
110,12,test,True,20260929,0.2,10
130,52,train,False,20260929,0.2,10
228,87,train,False,20260929,0.2,10
135,5,train,False,20260929,0.2,10
168,87,train,False,20260929,0.2,10
