split,target,label,count
train,scope,0,349
train,scope,1,7056
train,situationserfassung,0,4231
train,situationserfassung,1,2331
train,situationserfassung,2,473
train,situationserfassung,3,21
train,analyse,0,4048
train,analyse,1,2028
train,analyse,2,651
train,analyse,3,329
train,konsequenzen,0,5833
train,konsequenzen,1,865
train,konsequenzen,2,320
train,konsequenzen,3,38
dev,scope,0,83
dev,scope,1,1768
dev,situationserfassung,0,1077
dev,situationserfassung,1,548
dev,situationserfassung,2,138
dev,situationserfassung,3,5
dev,analyse,0,991
dev,analyse,1,508
dev,analyse,2,183
dev,analyse,3,86
dev,konsequenzen,0,1468
dev,konsequenzen,1,212
dev,konsequenzen,2,78
dev,konsequenzen,3,10
test,scope,0,31
test,scope,1,912
test,situationserfassung,0,512
test,situationserfassung,1,320
test,situationserfassung,2,80
test,situationserfassung,3,0
test,analyse,0,561
test,analyse,1,226
test,analyse,2,97
test,analyse,3,28
test,konsequenzen,0,751
test,konsequenzen,1,103
test,konsequenzen,2,50
test,konsequenzen,3,8
