split,component,category,band,text_quality_exclusion_reason,candidate_rows,unique_segments,minimum_text_characters
dev,in_scope,analyse,A,text_punctuation_only;text_too_short,7,7,10
dev,in_scope,analyse,A,text_too_short,4,4,10
dev,in_scope,konsequenzen,A,text_punctuation_only;text_too_short,20,20,10
dev,in_scope,konsequenzen,A,text_too_short,3,3,10
dev,in_scope,situationserfassung,A,text_punctuation_only;text_too_short,3,3,10
test,in_scope,analyse,A,text_punctuation_only;text_too_short,10,10,10
test,in_scope,konsequenzen,A,text_punctuation_only;text_too_short,22,22,10
test,in_scope,situationserfassung,A,text_punctuation_only;text_too_short,6,6,10
train,in_scope,analyse,A,text_punctuation_only;text_too_short,71,71,10
train,in_scope,konsequenzen,A,text_punctuation_only;text_too_short,156,155,10
train,in_scope,konsequenzen,A,text_too_short,1,1,10
train,in_scope,situationserfassung,A,text_punctuation_only;text_too_short,54,54,10
train,in_scope,situationserfassung,A,text_too_short,1,1,10
train,out_of_scope,,,text_too_short,6,6,10
